{
  "model": "efficientnet_b0",
  "task": "syntax",
  "formats": [
    "jpeg",
    "jpeg2000",
    "avif"
  ],
  "per_format": {
    "test_map": {
      "jpeg": {
        "n": 13,
        "spearman_rho": 0.7912087912087913,
        "spearman_p": 0.0012750239017411194,
        "pearson_r": 0.8142986717246095,
        "pearson_p": 0.0007018338014254526,
        "q100": 0.6278840897082046,
        "q10": 0.6189141404543689,
        "drop_100_10": 0.008969949253835763,
        "mean": 0.6239375244566447,
        "std": 0.004179379153910538,
        "png": 0.6278147375651854,
        "baseline": 0.6217748329126784,
        "png_gap_vs_baseline": 0.006039904652506922,
        "b": {
          "drop_100_10": 0.10916935427701713,
          "spearman_rho": 0.7252747252747254,
          "spearman_p": 0.005023237655349916
        }
      },
      "jpeg2000": {
        "n": 13,
        "spearman_rho": 0.8131868131868131,
        "spearman_p": 0.0007236077236996977,
        "pearson_r": 0.8705474761141113,
        "pearson_p": 0.0001081092056666182,
        "q100": 0.6379813730691217,
        "q10": 0.6281910765118077,
        "drop_100_10": 0.009790296557314004,
        "mean": 0.6338062645891751,
        "std": 0.0035741218982726663,
        "png": 0.6364004721355235,
        "baseline": 0.6217748329126784,
        "png_gap_vs_baseline": 0.0146256392228451,
        "b": {
          "drop_100_10": 0.01608714170603287,
          "spearman_rho": 0.5164835164835164,
          "spearman_p": 0.07074904067496371
        }
      },
      "avif": {
        "n": 13,
        "spearman_rho": -0.12087912087912088,
        "spearman_p": 0.6940473279966857,
        "pearson_r": -0.12657597818312238,
        "pearson_p": 0.6802986501975818,
        "q100": 0.6258965005601369,
        "q10": 0.6239281403890782,
        "drop_100_10": 0.001968360171058725,
        "mean": 0.6260773541463452,
        "std": 0.0020603256425170426,
        "png": 0.6261958146320845,
        "baseline": 0.6217748329126784,
        "png_gap_vs_baseline": 0.004420981719406081,
        "b": {
          "drop_100_10": 0.019871774947653797,
          "spearman_rho": 0.46703296703296704,
          "spearman_p": 0.1076091403991392
        }
      }
    },
    "test_f1_macro": {
      "jpeg": {
        "n": 13,
        "spearman_rho": 0.7967032967032966,
        "spearman_p": 0.0011136526522685867,
        "pearson_r": 0.8108531600710258,
        "pearson_p": 0.0007710411489984074,
        "q100": 0.6344604724170319,
        "q10": 0.6124994651188481,
        "drop_100_10": 0.021961007298183732,
        "mean": 0.6314627682542407,
        "std": 0.007564605017611722,
        "png": 0.6402381867620747,
        "baseline": 0.6283056283658027,
        "png_gap_vs_baseline": 0.011932558396271942,
        "b": {
          "drop_100_10": 0.1408178692865295,
          "spearman_rho": 0.7582417582417583,
          "spearman_p": 0.0026660786121372876
        }
      },
      "jpeg2000": {
        "n": 13,
        "spearman_rho": 0.7857142857142857,
        "spearman_p": 0.0014541896038438224,
        "pearson_r": 0.8644501976405002,
        "pearson_p": 0.00013755829585947318,
        "q100": 0.6347491538202089,
        "q10": 0.6174985799075499,
        "drop_100_10": 0.01725057391265905,
        "mean": 0.6311997018695931,
        "std": 0.008269409743437426,
        "png": 0.6339162624473391,
        "baseline": 0.6283056283658027,
        "png_gap_vs_baseline": 0.005610634081536392,
        "b": {
          "drop_100_10": 0.059092631068455415,
          "spearman_rho": 0.7912087912087913,
          "spearman_p": 0.0012750239017411194
        }
      },
      "avif": {
        "n": 13,
        "spearman_rho": 0.2857142857142857,
        "spearman_p": 0.34400021825867,
        "pearson_r": 0.5670350936730546,
        "pearson_p": 0.04329340151462802,
        "q100": 0.6354629987581965,
        "q10": 0.6208096137635922,
        "drop_100_10": 0.014653384994604224,
        "mean": 0.6325042262930463,
        "std": 0.006509402769379986,
        "png": 0.6368762545975758,
        "baseline": 0.6283056283658027,
        "png_gap_vs_baseline": 0.00857062623177307,
        "b": {
          "drop_100_10": 0.04790800455085609,
          "spearman_rho": 0.7912087912087913,
          "spearman_p": 0.0012750239017411194
        }
      }
    },
    "test_f1_micro": {
      "jpeg": {
        "n": 13,
        "spearman_rho": 0.8296703296703297,
        "spearman_p": 0.0004502862955462125,
        "pearson_r": 0.7577714405023355,
        "pearson_p": 0.0026920730075322193,
        "q100": 0.7636551902666322,
        "q10": 0.7249382716049383,
        "drop_100_10": 0.03871691866169391,
        "mean": 0.7588972080480617,
        "std": 0.011035398080581824,
        "png": 0.7658031088082902,
        "baseline": 0.7839643652561247,
        "png_gap_vs_baseline": -0.018161256447834506,
        "b": {
          "drop_100_10": 0.19640133764387913,
          "spearman_rho": 0.8736263736263737,
          "spearman_p": 9.5288972903705e-05
        }
      },
      "jpeg2000": {
        "n": 13,
        "spearman_rho": 0.8626373626373626,
        "spearman_p": 0.00014744785947619764,
        "pearson_r": 0.8890687738972375,
        "pearson_p": 4.798516611508808e-05,
        "q100": 0.780114722753346,
        "q10": 0.7673402512288368,
        "drop_100_10": 0.012774471524509279,
        "mean": 0.7771207736371046,
        "std": 0.005108807140243093,
        "png": 0.7796610169491526,
        "baseline": 0.7839643652561247,
        "png_gap_vs_baseline": -0.004303348306972099,
        "b": {
          "drop_100_10": 0.04998781597801538,
          "spearman_rho": 0.967032967032967,
          "spearman_p": 7.064113887175154e-08
        }
      },
      "avif": {
        "n": 13,
        "spearman_rho": 0.17032967032967034,
        "spearman_p": 0.5779754288392673,
        "pearson_r": 0.3831230396102397,
        "pearson_p": 0.19629702313223524,
        "q100": 0.7614868353123386,
        "q10": 0.7570385818561001,
        "drop_100_10": 0.00444825345623856,
        "mean": 0.7630524482450168,
        "std": 0.0040704393041836135,
        "png": 0.7646906549314004,
        "baseline": 0.7839643652561247,
        "png_gap_vs_baseline": -0.019273710324724247,
        "b": {
          "drop_100_10": 0.03081113267483837,
          "spearman_rho": 0.6153846153846153,
          "spearman_p": 0.025167116551899283
        }
      }
    },
    "test_hamming_accuracy": {
      "jpeg": {
        "n": 13,
        "spearman_rho": 0.8650170564347366,
        "spearman_p": 0.00013457711420810734,
        "pearson_r": 0.7410506414281515,
        "pearson_p": 0.0037518277779425256,
        "q100": 0.8806410256410256,
        "q10": 0.8558974358974358,
        "drop_100_10": 0.02474358974358981,
        "mean": 0.8777120315581854,
        "std": 0.00696368396402958,
        "png": 0.882051282051282,
        "baseline": 0.9,
        "png_gap_vs_baseline": -0.017948717948717996,
        "b": {
          "drop_100_10": 0.11782051282051276,
          "spearman_rho": 0.8555716484545344,
          "spearman_p": 0.00019154602434747132
        }
      },
      "jpeg2000": {
        "n": 13,
        "spearman_rho": 0.9256233470129666,
        "spearman_p": 5.7221083526225654e-06,
        "pearson_r": 0.8914925493933185,
        "pearson_p": 4.270030805658976e-05,
        "q100": 0.8946153846153846,
        "q10": 0.8902564102564102,
        "drop_100_10": 0.004358974358974366,
        "mean": 0.8934023668639053,
        "std": 0.0018962627643742181,
        "png": 0.8946153846153846,
        "baseline": 0.9,
        "png_gap_vs_baseline": -0.005384615384615432,
        "b": {
          "drop_100_10": 0.019358974358974268,
          "spearman_rho": 0.9656130180306802,
          "spearman_p": 8.883748294029092e-08
        }
      },
      "avif": {
        "n": 13,
        "spearman_rho": -0.32231527262058657,
        "spearman_p": 0.28281102936487934,