{
  "model": "efficientnet_b0",
  "task": "syntax",
  "n_rows": 39,
  "formats": [
    "jpeg",
    "jpeg2000",
    "avif"
  ],
  "baseline": {
    "test_map": 0.6217748329126784,
    "test_f1_macro": 0.6283056283658027,
    "test_hamming_accuracy": 0.9
  },
  "correlation": {
    "test_map": {
      "jpeg": {
        "Q10-100": {
          "n": 13,
          "spearman_rho": 0.7252747252747254,
          "spearman_p": 0.005023237655349916,
          "pearson_r": 0.6058799083984794,
          "pearson_p": 0.028179401534311137
        },
        "Q10-95": {
          "n": 12,
          "spearman_rho": 0.8601398601398602,
          "spearman_p": 0.0003316683391269209,
          "pearson_r": 0.6216040793779106,
          "pearson_p": 0.030944917363409867
        },
        "q100": 0.6206164210088767,
        "q10": 0.5114470667318596,
        "drop_100_10": 0.10916935427701713,
        "mean": 0.611488785195904,
        "std": 0.030387690408960895
      },
      "jpeg2000": {
        "Q10-100": {
          "n": 13,
          "spearman_rho": 0.5164835164835164,
          "spearman_p": 0.07074904067496371,
          "pearson_r": 0.7889004761628575,
          "pearson_p": 0.0013480496081535818
        },
        "Q10-95": {
          "n": 12,
          "spearman_rho": 0.5804195804195805,
          "spearman_p": 0.04785597684206059,
          "pearson_r": 0.8053807059644665,
          "pearson_p": 0.0015698409415657076
        },
        "q100": 0.6223537688785622,
        "q10": 0.6062666271725293,
        "drop_100_10": 0.01608714170603287,
        "mean": 0.6196414499435847,
        "std": 0.005931049843309598
      },
      "avif": {
        "Q10-100": {
          "n": 13,
          "spearman_rho": 0.46703296703296704,
          "spearman_p": 0.1076091403991392,
          "pearson_r": 0.6336019170543187,
          "pearson_p": 0.020066980550709584
        },
        "Q10-95": {
          "n": 12,
          "spearman_rho": 0.4545454545454546,
          "spearman_p": 0.13765791634772945,
          "pearson_r": 0.6271031812171245,
          "pearson_p": 0.02906883547855623
        },
        "q100": 0.6248096786769558,
        "q10": 0.604937903729302,
        "drop_100_10": 0.019871774947653797,
        "mean": 0.621502696993579,
        "std": 0.006102954748036518
      }
    },
    "test_f1_macro": {
      "jpeg": {
        "Q10-100": {
          "n": 13,
          "spearman_rho": 0.7582417582417583,
          "spearman_p": 0.0026660786121372876,
          "pearson_r": 0.763197052203091,
          "pearson_p": 0.0024038862336494622
        },
        "Q10-95": {
          "n": 12,
          "spearman_rho": 0.8391608391608393,
          "spearman_p": 0.0006428259886278202,
          "pearson_r": 0.7832512918563933,
          "pearson_p": 0.0025843188865002737
        },
        "q100": 0.6283227124649594,
        "q10": 0.4875048431784299,
        "drop_100_10": 0.1408178692865295,
        "mean": 0.6119480035933769,
        "std": 0.04145491386520638
      },
      "jpeg2000": {
        "Q10-100": {
          "n": 13,
          "spearman_rho": 0.7912087912087913,
          "spearman_p": 0.0012750239017411194,
          "pearson_r": 0.8893478275234804,
          "pearson_p": 4.73512809915499e-05
        },
        "Q10-95": {
          "n": 12,
          "spearman_rho": 0.9300699300699302,
          "spearman_p": 1.1702227928659668e-05,
          "pearson_r": 0.9163690476389676,
          "pearson_p": 2.796207051450756e-05
        },
        "q100": 0.6298513307976693,
        "q10": 0.5707586997292139,
        "drop_100_10": 0.059092631068455415,
        "mean": 0.6211630815989932,
        "std": 0.019499945755130164
      },
      "avif": {
        "Q10-100": {
          "n": 13,
          "spearman_rho": 0.7912087912087913,
          "spearman_p": 0.0012750239017411194,
          "pearson_r": 0.7986370825438223,
          "pearson_p": 0.0010608481134227773
        },
        "Q10-95": {
          "n": 12,
          "spearman_rho": 0.8391608391608393,
          "spearman_p": 0.0006428259886278202,
          "pearson_r": 0.8159907480293016,
          "pearson_p": 0.0012089113569343115
        },
        "q100": 0.6295510310704115,
        "q10": 0.5816430265195555,
        "drop_100_10": 0.04790800455085609,
        "mean": 0.6229904236598252,
        "std": 0.014330262526227967
      }
    },
    "test_hamming_accuracy": {
      "jpeg": {
        "Q10-100": {
          "n": 13,
          "spearman_rho": 0.8555716484545344,
          "spearman_p": 0.00019154602434747132,
          "pearson_r": 0.6258498440469416,
          "pearson_p": 0.02213296199307663
        },
        "Q10-95": {
          "n": 12,
          "spearman_rho": 0.8931712471313915,
          "spearman_p": 9.13597479321015e-05,
          "pearson_r": 0.6388294941175846,
          "pearson_p": 0.02534410751583583
        },
        "q100": 0.8994871794871795,
        "q10": 0.7816666666666667,
        "drop_100_10": 0.11782051282051276,
        "mean": 0.8883826429980276,
        "std": 0.03244064939607294
      },
      "jpeg2000": {
        "Q10-100": {
          "n": 13,
          "spearman_rho": 0.9656130180306802,
          "spearman_p": 8.883748294029092e-08,
          "pearson_r": 0.9155859519501006,
          "pearson_p": 1.125574740647292e-05
        },
        "Q10-95": {
          "n": 12,
          "spearman_rho": 0.9772344233319931,
          "spearman_p": 4.635469762685387e-08,
          "pearson_r": 0.9228898175629601,
          "pearson_p": 1.8843479018603377e-05
        },
        "q100": 0.8997435897435897,
        "q10": 0.8803846153846154,
        "drop_100_10": 0.019358974358974268,
        "mean": 0.8955226824457593,
        "std": 0.005737438885044858
      },
      "avif": {
        "Q10-100": {
          "n": 13,
          "spearman_rho": 0.5193449429032401,
          "spearman_p": 0.06893337063627683,
          "pearson_r": 0.7055711996478924,
          "pearson_p": 0.007049583089690735
        },
        "Q10-95": {
          "n": 12,
          "spearman_rho": 0.6056488210754389,
          "spearman_p": 0.036879648297599016,
          "pearson_r": 0.7315319581118922,
          "pearson_p": 0.006852287364957412
        },
        "q100": 0.8992307692307693,
        "q10": 0.8874358974358975,
        "drop_100_10": 0.01179487179487182,
        "mean": 0.8982051282051281,
        "std": 0.00357099806428176
      }
    }
  },
  "friedman": {
    "test_map": {
      "ran": true,
      "formats": [
        "jpeg",
        "jpeg2000",
        "avif"
      ],
      "n_blocks": 13,
      "chi2": 3.846153846153868,
      "p_value": 0.14615655707154085,
      "kendalls_w": 0.14792899408284108,
      "significant": false
    },
    "test_f1_macro": {
      "ran": true,
      "formats": [
        "jpeg",
        "jpeg2000",
        "avif"
      ],
      "n_blocks": 13,
      "chi2": 7.384615384615387,
      "p_value": 0.024914440787632705,
      "kendalls_w": 0.2840236686390533,
      "significant": true
    },
    "test_hamming_accuracy": {
      "ran": true,
      "formats": [
        "jpeg",
        "jpeg2000",
        "avif"
      ],
      "n_blocks": 13,
      "chi2": 2.470588235294129,
      "p_value": 0.2907492353099845,
      "kendalls_w": 0.09502262443438957,
      "significant": false
    }
  }
}