{
  "model": "resnet50",
  "task": "syntax",
  "n_rows": 39,
  "formats": [
    "jpeg",
    "jpeg2000",
    "avif"
  ],
  "baseline": {
    "test_map": 0.6545928915570901,
    "test_f1_macro": 0.6783290176352402,
    "test_hamming_accuracy": 0.8867948717948718
  },
  "correlation": {
    "test_map": {
      "jpeg": {
        "Q10-100": {
          "n": 13,
          "spearman_rho": 0.7692307692307693,
          "spearman_p": 0.0021122295993498776,
          "pearson_r": 0.7882463049908602,
          "pearson_p": 0.0013693296131182617
        },
        "Q10-95": {
          "n": 12,
          "spearman_rho": 0.7062937062937064,
          "spearman_p": 0.010245193941127854,
          "pearson_r": 0.7727165867172102,
          "pearson_p": 0.0032142679967065617
        },
        "q100": 0.6585405148341632,
        "q10": 0.6255213254370092,
        "drop_100_10": 0.03301918939715398,
        "mean": 0.6498369126788999,
        "std": 0.01014090803114758
      },
      "jpeg2000": {
        "Q10-100": {
          "n": 13,
          "spearman_rho": 0.3186813186813187,
          "spearman_p": 0.2885831614447202,
          "pearson_r": 0.5630989000484536,
          "pearson_p": 0.04509709731359439
        },
        "Q10-95": {
          "n": 12,
          "spearman_rho": 0.1328671328671329,
          "spearman_p": 0.6805975082860818,
          "pearson_r": 0.4666542425514169,
          "pearson_p": 0.12617672097202368
        },
        "q100": 0.6556358659470242,
        "q10": 0.6438808225327771,
        "drop_100_10": 0.011755043414247046,
        "mean": 0.6512063721736616,
        "std": 0.002769571673277983
      },
      "avif": {
        "Q10-100": {
          "n": 13,
          "spearman_rho": -0.17032967032967034,
          "spearman_p": 0.5779754288392673,
          "pearson_r": -0.3227665930074108,
          "pearson_p": 0.2820988665337935
        },
        "Q10-95": {
          "n": 12,
          "spearman_rho": -0.22377622377622378,
          "spearman_p": 0.48445166145539886,
          "pearson_r": -0.40910001878673463,
          "pearson_p": 0.18666073107973435
        },
        "q100": 0.6561079565550876,
        "q10": 0.6609638126999905,
        "drop_100_10": -0.004855856144902915,
        "mean": 0.6543517793635402,
        "std": 0.003977346117590413
      }
    },
    "test_f1_macro": {
      "jpeg": {
        "Q10-100": {
          "n": 13,
          "spearman_rho": 0.4835164835164835,
          "spearman_p": 0.0941346925969393,
          "pearson_r": 0.6490193404910435,
          "pearson_p": 0.016388750885833518
        },
        "Q10-95": {
          "n": 12,
          "spearman_rho": 0.4755244755244756,
          "spearman_p": 0.11817595701303213,
          "pearson_r": 0.6555419641133298,
          "pearson_p": 0.020650278252855196
        },
        "q100": 0.6777837046616567,
        "q10": 0.6254281079786517,
        "drop_100_10": 0.052355596683005046,
        "mean": 0.6716400306178676,
        "std": 0.014462401600201106
      },
      "jpeg2000": {
        "Q10-100": {
          "n": 13,
          "spearman_rho": 0.6483516483516483,
          "spearman_p": 0.016536698804267252,
          "pearson_r": 0.7820409915162138,
          "pearson_p": 0.0015845616805543938
        },
        "Q10-95": {
          "n": 12,
          "spearman_rho": 0.5524475524475525,
          "spearman_p": 0.06251148327961512,
          "pearson_r": 0.7482488892334453,
          "pearson_p": 0.005124345701047693
        },
        "q100": 0.6807479523382631,
        "q10": 0.665536237326133,
        "drop_100_10": 0.015211715012130145,
        "mean": 0.675350470460526,
        "std": 0.004599893461952789
      },
      "avif": {
        "Q10-100": {
          "n": 13,
          "spearman_rho": 0.6373626373626374,
          "spearman_p": 0.0191181137774633,
          "pearson_r": 0.7692873614066738,
          "pearson_p": 0.0021096314848324384
        },
        "Q10-95": {
          "n": 12,
          "spearman_rho": 0.6153846153846154,
          "spearman_p": 0.03316990109010588,
          "pearson_r": 0.754823266225651,
          "pearson_p": 0.004543872127828006
        },
        "q100": 0.6791390428532994,
        "q10": 0.6715638605367938,
        "drop_100_10": 0.007575182316505558,
        "mean": 0.6762975327411537,
        "std": 0.0035097340124330195
      }
    },
    "test_hamming_accuracy": {
      "jpeg": {
        "Q10-100": {
          "n": 13,
          "spearman_rho": 0.6685013201750863,
          "spearman_p": 0.012492173132818897,
          "pearson_r": 0.7133310171485934,
          "pearson_p": 0.00618840509571252
        },
        "Q10-95": {
          "n": 12,
          "spearman_rho": 0.5919448657459025,
          "spearman_p": 0.04259018281345192,
          "pearson_r": 0.7087081121204872,
          "pearson_p": 0.009875483954663297
        },
        "q100": 0.8865384615384615,
        "q10": 0.8785897435897436,
        "drop_100_10": 0.007948717948717876,
        "mean": 0.8851972386587772,
        "std": 0.002202999982128061
      },
      "jpeg2000": {
        "Q10-100": {
          "n": 13,
          "spearman_rho": -0.05234179640847132,
          "spearman_p": 0.865151878459894,
          "pearson_r": 0.03510443766485941,
          "pearson_p": 0.9093559982118269
        },
        "Q10-95": {
          "n": 12,
          "spearman_rho": -0.270177101741664,
          "spearman_p": 0.39571740655345955,
          "pearson_r": -0.1217194958446608,
          "pearson_p": 0.706294830013783
        },
        "q100": 0.887948717948718,
        "q10": 0.8876923076923077,
        "drop_100_10": 0.0002564102564103221,
        "mean": 0.8868540433925051,
        "std": 0.0009089845825003759
      },
      "avif": {
        "Q10-100": {
          "n": 13,
          "spearman_rho": -0.0772420406005624,
          "spearman_p": 0.8019597145202448,
          "pearson_r": -0.15434137338182,
          "pearson_p": 0.6146490953520916
        },
        "Q10-95": {
          "n": 12,
          "spearman_rho": -0.11247959501513524,
          "spearman_p": 0.7278112924848117,
          "pearson_r": -0.15494443611259356,
          "pearson_p": 0.6306365252894441
        },
        "q100": 0.887051282051282,
        "q10": 0.8884615384615384,
        "drop_100_10": -0.001410256410256383,
        "mean": 0.8871203155818539,
        "std": 0.0006975415184747818
      }
    }
  },
  "friedman": {
    "test_map": {
      "ran": true,
      "formats": [
        "jpeg",
        "jpeg2000",
        "avif"
      ],
      "n_blocks": 13,
      "chi2": 2.923076923076934,
      "p_value": 0.2318792628481911,
      "kendalls_w": 0.112426035502959,
      "significant": false
    },
    "test_f1_macro": {
      "ran": true,
      "formats": [
        "jpeg",
        "jpeg2000",
        "avif"
      ],
      "n_blocks": 13,
      "chi2": 3.846153846153868,
      "p_value": 0.14615655707154085,
      "kendalls_w": 0.14792899408284108,
      "significant": false
    },
    "test_hamming_accuracy": {
      "ran": true,
      "formats": [
        "jpeg",
        "jpeg2000",
        "avif"
      ],
      "n_blocks": 13,
      "chi2": 14.30769230769232,
      "p_value": 0.0007818511710781635,
      "kendalls_w": 0.5502958579881662,
      "significant": true
    }
  }
}