{
  "model": "resnet50",
  "task": "syntax",
  "formats": [
    "jpeg",
    "jpeg2000",
    "avif"
  ],
  "per_format": {
    "test_map": {
      "jpeg": {
        "n": 13,
        "spearman_rho": -0.07142857142857142,
        "spearman_p": 0.8166280406760861,
        "pearson_r": 0.31218911414908423,
        "pearson_p": 0.29906284303337555,
        "q100": 0.6584551188465532,
        "q10": 0.6512895474352356,
        "drop_100_10": 0.007165571411317573,
        "mean": 0.658098693478911,
        "std": 0.003489279339433195,
        "png": 0.6592730093688238,
        "baseline": 0.6545928915570901,
        "png_gap_vs_baseline": 0.0046801178117337194,
        "b": {
          "drop_100_10": 0.03301918939715398,
          "spearman_rho": 0.7692307692307693,
          "spearman_p": 0.0021122295993498776
        }
      },
      "jpeg2000": {
        "n": 13,
        "spearman_rho": -0.13736263736263735,
        "spearman_p": 0.6545168402947126,
        "pearson_r": -0.336807873520904,
        "pearson_p": 0.26046381908741956,
        "q100": 0.6582368185031046,
        "q10": 0.6594187074255838,
        "drop_100_10": -0.0011818889224792795,
        "mean": 0.6581169454315164,
        "std": 0.002250233098808009,
        "png": 0.6586227013296426,
        "baseline": 0.6545928915570901,
        "png_gap_vs_baseline": 0.004029809772552517,
        "b": {
          "drop_100_10": 0.011755043414247046,
          "spearman_rho": 0.3186813186813187,
          "spearman_p": 0.2885831614447202
        }
      },
      "avif": {
        "n": 13,
        "spearman_rho": -0.38461538461538464,
        "spearman_p": 0.19441291997748622,
        "pearson_r": -0.6406035744554148,
        "pearson_p": 0.018327580374407064,
        "q100": 0.6542652295218406,
        "q10": 0.6592531414811909,
        "drop_100_10": -0.004987911959350222,
        "mean": 0.6540476005804974,
        "std": 0.004900211880009293,
        "png": 0.6551097251050485,
        "baseline": 0.6545928915570901,
        "png_gap_vs_baseline": 0.0005168335479583952,
        "b": {
          "drop_100_10": -0.004855856144902915,
          "spearman_rho": -0.17032967032967034,
          "spearman_p": 0.5779754288392673
        }
      }
    },
    "test_f1_macro": {
      "jpeg": {
        "n": 13,
        "spearman_rho": -0.005494505494505494,
        "spearman_p": 0.9857869107140623,
        "pearson_r": 0.15590359943123605,
        "pearson_p": 0.6110273231521334,
        "q100": 0.6738902963609054,
        "q10": 0.6703284941385705,
        "drop_100_10": 0.00356180222233482,
        "mean": 0.6761076150604997,
        "std": 0.0027687055918921323,
        "png": 0.6741982328096036,
        "baseline": 0.6783290176352402,
        "png_gap_vs_baseline": -0.004130784825636669,
        "b": {
          "drop_100_10": 0.052355596683005046,
          "spearman_rho": 0.4835164835164835,
          "spearman_p": 0.0941346925969393
        }
      },
      "jpeg2000": {
        "n": 13,
        "spearman_rho": -0.5054945054945055,
        "spearman_p": 0.07803332731018388,
        "pearson_r": -0.4172002565537899,
        "pearson_p": 0.15609251295960205,
        "q100": 0.6758970499689759,
        "q10": 0.6759602983539382,
        "drop_100_10": -6.324838496230001e-05,
        "mean": 0.676080931858623,
        "std": 0.00236193230298746,
        "png": 0.6742307783144526,
        "baseline": 0.6783290176352402,
        "png_gap_vs_baseline": -0.004098239320787678,
        "b": {
          "drop_100_10": 0.015211715012130145,
          "spearman_rho": 0.6483516483516483,
          "spearman_p": 0.016536698804267252
        }
      },
      "avif": {
        "n": 13,
        "spearman_rho": 0.0,
        "spearman_p": 1.0,
        "pearson_r": 0.16382918220780315,
        "pearson_p": 0.5927797283947442,
        "q100": 0.6773993935040928,
        "q10": 0.6741282616387778,
        "drop_100_10": 0.0032711318653150245,
        "mean": 0.6747680196905805,
        "std": 0.0016027368579975712,
        "png": 0.6773008761742938,
        "baseline": 0.6783290176352402,
        "png_gap_vs_baseline": -0.00102814146094643,
        "b": {
          "drop_100_10": 0.007575182316505558,
          "spearman_rho": 0.6373626373626374,
          "spearman_p": 0.0191181137774633
        }
      }
    },
    "test_f1_micro": {
      "jpeg": {
        "n": 13,
        "spearman_rho": 0.12637362637362637,
        "spearman_p": 0.680785475070949,
        "pearson_r": 0.2552118549464599,
        "pearson_p": 0.4000511450739528,
        "q100": 0.7780252412769116,
        "q10": 0.7750744786494538,
        "drop_100_10": 0.002950762627457859,
        "mean": 0.7795117805636586,
        "std": 0.0018974647039880022,
        "png": 0.7770890156211258,
        "baseline": 0.779525593008739,
        "png_gap_vs_baseline": -0.00243657738761327,
        "b": {
          "drop_100_10": 0.036683424350058,
          "spearman_rho": 0.8736263736263737,
          "spearman_p": 9.5288972903705e-05
        }
      },
      "jpeg2000": {
        "n": 13,
        "spearman_rho": -0.7362637362637362,
        "spearman_p": 0.004107709360574612,
        "pearson_r": -0.8320208723513297,
        "pearson_p": 0.00041915496487910975,
        "q100": 0.787801127626858,
        "q10": 0.7966890843248836,
        "drop_100_10": -0.008887956698025556,
        "mean": 0.7894919850410195,
        "std": 0.0029384794743706278,
        "png": 0.7880964597229349,
        "baseline": 0.779525593008739,
        "png_gap_vs_baseline": 0.008570866714195824,
        "b": {
          "drop_100_10": 0.008761606770922081,
          "spearman_rho": 0.5549450549450549,
          "spearman_p": 0.04900449559833098
        }
      },
      "avif": {
        "n": 13,
        "spearman_rho": -0.19780219780219782,
        "spearman_p": 0.51713091148483,
        "pearson_r": -0.32848347467328376,
        "pearson_p": 0.27316812854253464,
        "q100": 0.7798210735586482,
        "q10": 0.7804878048780488,
        "drop_100_10": -0.0006667313194006486,
        "mean": 0.7790752098292556,
        "std": 0.0010506285813826435,
        "png": 0.7795765877957659,
        "baseline": 0.779525593008739,
        "png_gap_vs_baseline": 5.0994787026859e-05,
        "b": {
          "drop_100_10": 0.0034163560627700207,
          "spearman_rho": 0.6244847723446278,
          "spearman_p": 0.022512492480803795
        }
      }
    },
    "test_hamming_accuracy": {
      "jpeg": {
        "n": 13,
        "spearman_rho": 0.093535164139724,
        "spearman_p": 0.7611803011128878,
        "pearson_r": 0.17279349275025802,
        "pearson_p": 0.5724035427937095,
        "q100": 0.885,
        "q10": 0.8838461538461538,
        "drop_100_10": 0.001153846153846172,
        "mean": 0.886015779092702,
        "std": 0.0010060380095252442,
        "png": 0.8847435897435898,
        "baseline": 0.8867948717948718,
        "png_gap_vs_baseline": -0.002051282051282022,
        "b": {
          "drop_100_10": 0.007948717948717876,
          "spearman_rho": 0.6685013201750863,
          "spearman_p": 0.012492173132818897
        }
      },
      "jpeg2000": {
        "n": 13,
        "spearman_rho": -0.7513926833493686,
        "spearman_p": 0.0030644669316483727,
        "pearson_r": -0.838519510004199,
        "pearson_p": 0.0003418742002931854,
        "q100": 0.8938461538461538,
        "q10": 0.8992307692307693,
        "drop_100_10": -0.005384615384615432,
        "mean": 0.8948717948717948,
        "std": 0.0016927608820802229,
        "png": 0.8941025641025641,
        "baseline": 0.8867948717948718,
        "png_gap_vs_baseline": 0.007307692307692237,
        "b": {
          "drop_100_10": 0.0002564102564103221,
          "spearman_rho": -0.05234179640847132,
          "spearman_p": 0.865151878459894
        }
      },
      "avif": {
        "n": 13,
        "spearman_rho": -0.4536761324117495,
        "spearman_p": 0.11944136330368031,