experiment_id,format,train_quality,test_quality,best_val_score,primary_metric,test_subset_accuracy,test_hamming_accuracy,test_f1_macro,test_f1_micro,test_map
efficientnet_b0_syntax_q100_avif_20260506_173844,avif,100,baseline,61.217595679847406,f1_macro,0.08,0.8852564102564102,0.5800551899501716,0.7616511318242344,0.6176177561114798
efficientnet_b0_syntax_q85_avif_20260506_174510,avif,85,baseline,62.27759805724188,f1_macro,0.1,0.8885897435897436,0.5796563387844813,0.7664606288632088,0.6223839422905089
efficientnet_b0_syntax_q70_avif_20260506_175132,avif,70,baseline,61.54426533309968,f1_macro,0.09666666666666666,0.8926923076923077,0.5667926567035891,0.7674353987218672,0.6253399812546658
efficientnet_b0_syntax_q50_avif_20260506_175819,avif,50,baseline,61.90928806858055,f1_macro,0.09,0.8846153846153846,0.5806079947598723,0.7594869053981828,0.6181730254653198
efficientnet_b0_syntax_q30_avif_20260506_180430,avif,30,baseline,62.29751246371337,f1_macro,0.10333333333333333,0.8855128205128205,0.5812489088369388,0.7620570210498268,0.6173042279582375
efficientnet_b0_syntax_q10_avif_20260506_181041,avif,10,baseline,61.42041487050637,f1_macro,0.11,0.8869230769230769,0.5643493304127571,0.7627756858526089,0.6209451153768495
