experiment_id,format,train_quality,test_quality,best_val_score,primary_metric,test_subset_accuracy,test_hamming_accuracy,test_f1_macro,test_f1_micro,test_map
efficientnet_b0_syntax_q100_20260506_143158,jpeg,100,baseline,60.881798154919345,f1_macro,0.09,0.8875641025641026,0.5620137274633664,0.7580689655172413,0.6241966831433062
efficientnet_b0_syntax_q85_20260506_143839,jpeg,85,baseline,61.80582249877449,f1_macro,0.08666666666666667,0.8876923076923077,0.5779866862896171,0.7641357027463651,0.618988195130719
efficientnet_b0_syntax_q70_20260506_144442,jpeg,70,baseline,62.05551951998866,f1_macro,0.05,0.8701282051282051,0.5525805467668607,0.7326471364476115,0.6046459008641748
efficientnet_b0_syntax_q50_20260506_145000,jpeg,50,baseline,61.78122122449964,f1_macro,0.08666666666666667,0.8841025641025642,0.5845523578498745,0.7595744680851064,0.6140646345494553
efficientnet_b0_syntax_q30_20260506_145559,jpeg,30,baseline,61.43450616519435,f1_macro,0.07666666666666666,0.8788461538461538,0.5740928557696571,0.7515119642387589,0.6196978757227364
efficientnet_b0_syntax_q10_20260506_150117,jpeg,10,baseline,62.23805830207437,f1_macro,0.11666666666666667,0.8943589743589744,0.5299822883493792,0.762945914844649,0.6164179208107433
