experiment_id,format,train_quality,test_quality,best_val_score,primary_metric,test_subset_accuracy,test_hamming_accuracy,test_f1_macro,test_f1_micro,test_map
efficientnet_b0_syntax_q100_jpeg2000_20260506_164720,jpeg2000,100,baseline,62.02875480992057,f1_macro,0.07,0.8801282051282051,0.5696038055502364,0.7499331372024606,0.61625541812439
efficientnet_b0_syntax_q85_jpeg2000_20260506_165644,jpeg2000,85,baseline,63.23595546550285,f1_macro,0.10333333333333333,0.8873076923076924,0.5805881691666543,0.763773179252889,0.6192401981689971
efficientnet_b0_syntax_q70_jpeg2000_20260506_170237,jpeg2000,70,baseline,62.1748776184893,f1_macro,0.12333333333333334,0.8965384615384615,0.568656678488706,0.7784792753225364,0.6249253587173283
efficientnet_b0_syntax_q50_jpeg2000_20260506_170851,jpeg2000,50,baseline,61.68759301201783,f1_macro,0.1,0.8978205128205128,0.5622660440634325,0.779895056614195,0.6311846266054006
efficientnet_b0_syntax_q30_jpeg2000_20260506_171530,jpeg2000,30,baseline,61.26891784068709,f1_macro,0.07666666666666666,0.8867948717948718,0.5730757304153341,0.7633342267488609,0.6176684918917669
efficientnet_b0_syntax_q10_jpeg2000_20260506_172118,jpeg2000,10,baseline,62.0195169441722,f1_macro,0.06666666666666667,0.8837179487179487,0.5661951622189405,0.7572919454107573,0.6144694599984819
