experiment_id,format,train_quality,test_quality,best_val_acc,test_accuracy,test_f1_macro
efficientnet_b0_syntax_q100_avif_20260326_163955,avif,100,baseline,20.5,0.18,0.07322016043794267
efficientnet_b0_syntax_q85_avif_20260326_164231,avif,85,baseline,21.5,0.21333333333333335,0.08915854559999954
efficientnet_b0_syntax_q70_avif_20260326_164419,avif,70,baseline,20.5,0.19333333333333333,0.08288921828317192
efficientnet_b0_syntax_q50_avif_20260326_164628,avif,50,baseline,19.5,0.18666666666666668,0.0910617060179359
efficientnet_b0_syntax_q30_avif_20260326_164840,avif,30,baseline,20.0,0.18666666666666668,0.08166133808902083
efficientnet_b0_syntax_q10_avif_20260326_164948,avif,10,baseline,21.0,0.18,0.08597802390423441
