experiment_id,format,train_quality,test_quality,best_val_acc,test_accuracy,test_f1_macro
efficientnet_b0_syntax_q100_jpeg2000_20260326_160225,jpeg2000,100,baseline,20.0,0.17333333333333334,0.06899017436407114
efficientnet_b0_syntax_q85_jpeg2000_20260326_161333,jpeg2000,85,baseline,20.5,0.17333333333333334,0.0981108446944357
efficientnet_b0_syntax_q70_jpeg2000_20260326_161942,jpeg2000,70,baseline,20.5,0.20666666666666667,0.08475654539992776
efficientnet_b0_syntax_q50_jpeg2000_20260326_162520,jpeg2000,50,baseline,21.0,0.21333333333333335,0.10060536034229212
efficientnet_b0_syntax_q30_jpeg2000_20260326_163138,jpeg2000,30,baseline,20.0,0.15333333333333332,0.06600142521934094
efficientnet_b0_syntax_q10_jpeg2000_20260326_163545,jpeg2000,10,baseline,21.5,0.17666666666666667,0.07823272542007643
