experiment_id,format,train_quality,test_quality,best_val_acc,test_accuracy,test_f1_macro
efficientnet_b0_syntax_q100_20260326_155418,jpeg,100,baseline,19.5,0.17666666666666667,0.1035697028146238
efficientnet_b0_syntax_q85_20260326_155553,jpeg,85,baseline,18.0,0.19666666666666666,0.06934713921556028
efficientnet_b0_syntax_q70_20260326_155704,jpeg,70,baseline,22.0,0.18666666666666668,0.06863199978755387
efficientnet_b0_syntax_q50_20260326_155815,jpeg,50,baseline,21.5,0.18,0.08443540766635448
efficientnet_b0_syntax_q30_20260326_155959,jpeg,30,baseline,17.5,0.19666666666666666,0.08434985358018664
efficientnet_b0_syntax_q10_20260326_160111,jpeg,10,baseline,16.0,0.16666666666666666,0.06281469981146133
