experiment_id,format,train_quality,test_quality,best_val_acc,test_accuracy,test_f1_macro
resnet50_syntax_q100_jpeg2000_20260312_175927,jpeg2000,100,baseline,18.5,0.19333333333333333,0.08235508371433663
resnet50_syntax_q85_jpeg2000_20260312_182350,jpeg2000,85,baseline,21.5,0.18,0.09369305304673481
resnet50_syntax_q70_jpeg2000_20260312_184219,jpeg2000,70,baseline,20.0,0.17666666666666667,0.08664583844181545
resnet50_syntax_q50_jpeg2000_20260312_190507,jpeg2000,50,baseline,17.5,0.16333333333333333,0.0644684614809612
resnet50_syntax_q30_jpeg2000_20260312_193331,jpeg2000,30,baseline,18.0,0.22666666666666666,0.08475435138334565
resnet50_syntax_q10_jpeg2000_20260312_195610,jpeg2000,10,baseline,20.5,0.20333333333333334,0.06849001227580231
