experiment_id,format,train_quality,test_quality,best_val_score,primary_metric,test_subset_accuracy,test_hamming_accuracy,test_f1_macro,test_f1_micro,test_map
resnet50_syntax_q100_20260505_161336,jpeg,100,baseline,65.0536880351154,f1_macro,0.11333333333333333,0.8803846153846154,0.612221671836686,0.7671574744197655,0.6525745528316618
resnet50_syntax_q85_20260505_164737,jpeg,85,baseline,65.16278024476037,f1_macro,0.13666666666666666,0.8810256410256411,0.6186059330180274,0.7708641975308642,0.6519399849969482
resnet50_syntax_q70_20260505_172342,jpeg,70,baseline,65.11909637244551,f1_macro,0.10666666666666667,0.8756410256410256,0.610401583489981,0.7641050583657587,0.6464456958144847
resnet50_syntax_q50_20260505_175940,jpeg,50,baseline,64.3661002583663,f1_macro,0.11,0.8856410256410256,0.6190960818446171,0.7779990044798407,0.6474109245740185
resnet50_syntax_q30_20260505_184856,jpeg,30,baseline,64.85519749217097,f1_macro,0.07,0.8667948717948718,0.6065763434210489,0.750779563444471,0.6335967339964781
resnet50_syntax_q10_20260505_192151,jpeg,10,baseline,64.5038260071774,f1_macro,0.07666666666666666,0.8638461538461538,0.5737853168394785,0.7345,0.6249153327886631
