experiment_id,format,train_quality,test_quality,best_val_acc,test_accuracy,test_f1_macro
resnet50_syntax_q100_20260326_133736,jpeg,100,baseline,20.0,0.18333333333333332,0.0738763721300486
resnet50_syntax_q85_20260326_134314,jpeg,85,baseline,18.0,0.2,0.0668113358650443
resnet50_syntax_q70_20260326_134626,jpeg,70,baseline,18.0,0.20333333333333334,0.0652879435388181
resnet50_syntax_q50_20260326_134943,jpeg,50,baseline,19.5,0.21333333333333335,0.09080764269888514
resnet50_syntax_q30_20260326_135355,jpeg,30,baseline,20.5,0.21666666666666667,0.07189348830511981
resnet50_syntax_q10_20260326_135710,jpeg,10,baseline,17.5,0.17333333333333334,0.04329210457320307
