experiment_id,format,train_quality,test_quality,best_val_acc,test_accuracy,test_f1_macro
resnet50_syntax_q100_jpeg2000_20260326_140444,jpeg2000,100,baseline,19.0,0.20666666666666667,0.08548711938520863
resnet50_syntax_q85_jpeg2000_20260326_142953,jpeg2000,85,baseline,23.5,0.20666666666666667,0.088391024637749
resnet50_syntax_q70_jpeg2000_20260326_144551,jpeg2000,70,baseline,16.5,0.21,0.0732327458620562
resnet50_syntax_q50_jpeg2000_20260326_145608,jpeg2000,50,baseline,20.0,0.17666666666666667,0.07639009268699962
resnet50_syntax_q30_jpeg2000_20260326_150756,jpeg2000,30,baseline,18.5,0.17333333333333334,0.05790222987919021
resnet50_syntax_q10_jpeg2000_20260326_151547,jpeg2000,10,baseline,19.5,0.18,0.06937858406615623
