experiment_id,format,train_quality,test_quality,best_val_score,primary_metric,test_subset_accuracy,test_hamming_accuracy,test_f1_macro,test_f1_micro,test_map
resnet50_syntax_q100_jpeg2000_20260505_204958,jpeg2000,100,baseline,64.42867510148656,f1_macro,0.12333333333333334,0.8880769230769231,0.6238680645433892,0.781257830117765,0.661697776132359
resnet50_syntax_q85_jpeg2000_20260505_213632,jpeg2000,85,baseline,64.90795614177854,f1_macro,0.12666666666666668,0.8858974358974359,0.6091138440498995,0.7757056451612904,0.6543751534672196
resnet50_syntax_q70_jpeg2000_20260505_222607,jpeg2000,70,baseline,64.40829075754942,f1_macro,0.08333333333333333,0.8741025641025642,0.6114481168005474,0.7603709126403123,0.6321571860221527
resnet50_syntax_q50_jpeg2000_20260505_230305,jpeg2000,50,baseline,64.75925310410896,f1_macro,0.07666666666666666,0.8707692307692307,0.6054234418741791,0.7552209810587663,0.6280792050137173
resnet50_syntax_q30_jpeg2000_20260505_234049,jpeg2000,30,baseline,64.69971156677458,f1_macro,0.09666666666666666,0.879102564102564,0.6087900279324909,0.7652476972865322,0.6341956413389301
resnet50_syntax_q10_jpeg2000_20260506_002441,jpeg2000,10,baseline,64.79026094453498,f1_macro,0.08333333333333333,0.8653846153846154,0.589189316871241,0.7435271128480704,0.6307831055881078
