experiment_id,format,train_quality,test_quality,best_val_acc,test_accuracy,test_f1_macro
resnet50_syntax_q100_avif_20260326_152436,avif,100,baseline,18.0,0.21666666666666667,0.07895431412580904
resnet50_syntax_q85_avif_20260326_152954,avif,85,baseline,17.0,0.20666666666666667,0.0725429825832321
resnet50_syntax_q70_avif_20260326_153422,avif,70,baseline,21.0,0.22333333333333333,0.09751273791101826
resnet50_syntax_q50_avif_20260326_153907,avif,50,baseline,22.0,0.22666666666666666,0.10210612192874169
resnet50_syntax_q30_avif_20260326_154425,avif,30,baseline,18.5,0.16666666666666666,0.06578514432004372
resnet50_syntax_q10_avif_20260326_154756,avif,10,baseline,20.0,0.22333333333333333,0.0923145983039353
