experiment_id,format,train_quality,test_quality,best_val_score,primary_metric,test_subset_accuracy,test_hamming_accuracy,test_f1_macro,test_f1_micro,test_map
resnet50_syntax_q100_avif_20260506_100757,avif,100,baseline,64.78290666356466,f1_macro,0.12,0.8875641025641026,0.6128874321820763,0.776218423067109,0.6468390741394185
resnet50_syntax_q85_avif_20260506_105758,avif,85,baseline,64.77668453194482,f1_macro,0.08,0.8726923076923077,0.6126546052887205,0.7598548972188633,0.6538570173113377
resnet50_syntax_q70_avif_20260506_113128,avif,70,baseline,64.87850701409748,f1_macro,0.08666666666666667,0.8778205128205128,0.6136389098680913,0.7665931912809208,0.6449522315806434
resnet50_syntax_q50_avif_20260506_120547,avif,50,baseline,64.7810420336829,f1_macro,0.07666666666666666,0.8680769230769231,0.6061145486429054,0.752346570397112,0.6366362067395658
resnet50_syntax_q30_avif_20260506_123115,avif,30,baseline,64.2817572246725,f1_macro,0.07,0.8707692307692307,0.610337631695728,0.7573423206547906,0.6470773104372627
resnet50_syntax_q10_avif_20260506_130624,avif,10,baseline,64.9681488495651,f1_macro,0.12,0.8814102564102564,0.6190567687734094,0.7717739945719221,0.6475781656368933
